<?xml version="1.0" encoding="UTF-8"?>
<project-private xmlns="http://www.netbeans.org/ns/project-private/1">
    <editor-bookmarks xmlns="http://www.netbeans.org/ns/editor-bookmarks/2" lastBookmarkId="0"/>
    <open-files xmlns="http://www.netbeans.org/ns/projectui-open-files/2">
        <group>
            <file>file:/C:/Users/rodri/OneDrive/Área%20de%20Trabalho/TrabalhoDevWeb/src/java/model/Conexao.java</file>
            <file>file:/C:/Users/rodri/OneDrive/Área%20de%20Trabalho/TrabalhoDevWeb/src/java/model/TurmaDAO.java</file>
            <file>file:/C:/Users/rodri/OneDrive/Área%20de%20Trabalho/TrabalhoDevWeb/src/java/controller/aluno/alunoController.java</file>
            <file>file:/C:/Users/rodri/OneDrive/Área%20de%20Trabalho/TrabalhoDevWeb/src/java/model/AdministradorDAO.java</file>
            <file>file:/C:/Users/rodri/OneDrive/Área%20de%20Trabalho/TrabalhoDevWeb/src/java/controller/professor/professorController.java</file>
            <file>file:/C:/Users/rodri/OneDrive/Área%20de%20Trabalho/TrabalhoDevWeb/src/java/entidade/Turma.java</file>
            <file>file:/C:/Users/rodri/OneDrive/Área%20de%20Trabalho/TrabalhoDevWeb/src/java/controller/AutenticaController.java</file>
            <file>file:/C:/Users/rodri/OneDrive/Área%20de%20Trabalho/TrabalhoDevWeb/src/java/model/AlunoDAO.java</file>
            <file>file:/C:/Users/rodri/OneDrive/Área%20de%20Trabalho/TrabalhoDevWeb/src/java/entidade/Aluno.java</file>
            <file>file:/C:/Users/rodri/OneDrive/Área%20de%20Trabalho/TrabalhoDevWeb/web/views/professor/notas/notasAlunos.jsp</file>
            <file>file:/C:/Users/rodri/OneDrive/Área%20de%20Trabalho/TrabalhoDevWeb/web/views/aluno/dashboard/areaRestrita.jsp</file>
            <file>file:/C:/Users/rodri/OneDrive/Área%20de%20Trabalho/TrabalhoDevWeb/src/java/entidade/Professor.java</file>
            <file>file:/C:/Users/rodri/OneDrive/Área%20de%20Trabalho/TrabalhoDevWeb/web/views/aluno/disciplina/disciplinasAluno.jsp</file>
            <file>file:/C:/Users/rodri/OneDrive/Área%20de%20Trabalho/TrabalhoDevWeb/web/views/aluno/disciplina/disciplinasDisponiveis.jsp</file>
            <file>file:/C:/Users/rodri/OneDrive/Área%20de%20Trabalho/TrabalhoDevWeb/web/views/professor/dashboard/areaRestrita.jsp</file>
            <file>file:/C:/Users/rodri/OneDrive/Área%20de%20Trabalho/TrabalhoDevWeb/src/java/model/ProfessorDAO.java</file>
        </group>
    </open-files>
</project-private>
